"No Limit Leaderboard",,,,,,,,,,,,,,,,,,,,,,,,,,,,,
username,diamonds,avatar,isLive,profileLink,,,,,,,,,,,,,,,,,,,,,,,,,
BatMann,340000,,TRUE,,,,,,,,,,,,,,,,,,,,,,,,,,
DeadPoole,450000,,FALSE,,,,,,,,,,,,,,,,,,,,,,,,,,
SkyWalk,320000,,TRUE,,,,,,,,,,,,,,,,,,,,,,,,,,
PhoneHome,290000,,FALSE,,,,,,,,,,,,,,,,,,,,,,,,,,
IronMaiden,500000,,TRUE,,,,,,,,,,,,,,,,,,,,,,,,,,
StarTrekker,470000,,FALSE,,,,,,,,,,,,,,,,,,,,,,,,,,
GreenGoblin,400000,,TRUE,,,,,,,,,,,,,,,,,,,,,,,,,,
WolverSteve,450000,,FALSE,,,,,,,,,,,,,,,,,,,,,,,,,,
TerminaTom,370000,,TRUE,,,,,,,,,,,,,,,,,,,,,,,,,,
MrSmith,330000,,FALSE,,,,,,,,,,,,,,,,,,,,,,,,,,
SherloHolmes,310000,,TRUE,,,,,,,,,,,,,,,,,,,,,,,,,,
CaptSpock,420000,,FALSE,,,,,,,,,,,,,,,,,,,,,,,,,,
IndyJones,410000,,TRUE,,,,,,,,,,,,,,,,,,,,,,,,,,
SpideySense,399000,,FALSE,,,,,,,,,,,,,,,,,,,,,,,,,,
HanSolo,360000,,TRUE,,,,,,,,,,,,,,,,,,,,,,,,,,
DarthVaper,490000,,FALSE,,,,,,,,,,,,,,,,,,,,,,,,,,
RockyBalboa,470000,,TRUE,,,,,,,,,,,,,,,,,,,,,,,,,,
PacManPat,350000,,FALSE,,,,,,,,,,,,,,,,,,,,,,,,,,
AgentSmith,480000,,TRUE,,,,,,,,,,,,,,,,,,,,,,,,,,
KingKong,390000,,FALSE,,,,,,,,,,,,,,,,,,,,,,,,,,
BuzzLir,350000,,TRUE,,,,,,,,,,,,,,,,,,,,,,,,,,
DocBrown,390000,,FALSE,,,,,,,,,,,,,,,,,,,,,,,,,,
FrodoBaggins,370000,,TRUE,,,,,,,,,,,,,,,,,,,,,,,,,,
WonderWoman,340000,,FALSE,,,,,,,,,,,,,,,,,,,,,,,,,,
AustinPowers,320000,,TRUE,,,,,,,,,,,,,,,,,,,,,,,,,,
JokerFace,410000,,FALSE,,,,,,,,,,,,,,,,,,,,,,,,,,
HarryPotter,480000,,TRUE,,,,,,,,,,,,,,,,,,,,,,,,,,
Terminator,460000,,FALSE,,,,,,,,,,,,,,,,,,,,,,,,,,
ScoobyDoo,360000,,TRUE,,,,,,,,,,,,,,,,,,,,,,,,,,
NeoMatrix,490000,,FALSE,,,,,,,,,,,,,,,,,,,,,,,,,,
VaderRedeemer,440000,,TRUE,,,,,,,,,,,,,,,,,,,,,,,,,,
BruceAlmighty,420000,,FALSE,,,,,,,,,,,,,,,,,,,,,,,,,,
BondJames,330000,,TRUE,,,,,,,,,,,,,,,,,,,,,,,,,,
BourneIdentity,310000,,FALSE,,,,,,,,,,,,,,,,,,,,,,,,,,
WallEEEE,340000,,TRUE,,,,,,,,,,,,,,,,,,,,,,,,,,
ForrestRun,460000,,FALSE,,,,,,,,,,,,,,,,,,,,,,,,,,
KnightRider,490000,,TRUE,,,,,,,,,,,,,,,,,,,,,,,,,,
AlCapone,350000,,FALSE,,,,,,,,,,,,,,,,,,,,,,,,,,
,,,,,,,,,,,,,,,,,,,,,,,,,,,,,
,,,,,,,,,,,,,,,,,,,,,,,,,,,,,
,,,,,,,,,,,,,,,,,,,,,,,,,,,,,
,,,,,,,,,,,,,,,,,,,,,,,,,,,,,
,,,,,,,,,,,,,,,,,,,,,,,,,,,,,
,,,,,,,,,,,,,,,,,,,,,,,,,,,,,
,,,,,,,,,,,,,,,,,,,,,,,,,,,,,
,,,,,,,,,,,,,,,,,,,,,,,,,,,,,
,,,,,,,,,,,,,,,,,,,,,,,,,,,,,
,,,,,,,,,,,,,,,,,,,,,,,,,,,,,
